{
 "n_total": 536,
 "total_s": 1.3073880000010831,
 "avg_ms_per_mol": 2.439156716419931,
 "failures": 0,
 "per_bin": {
  "B (n=5-8)": {
   "n": 189,
   "total_s": 0.7404542450094596,
   "avg_ms_per_mol": 3.917747328092379,
   "max_ms": 36.79633400315652
  },
  "C (n=9-12)": {
   "n": 167,
   "total_s": 0.3280783679729211,
   "avg_ms_per_mol": 1.964541125586354,
   "max_ms": 7.011416004388593
  },
  "A (n=2-4)": {
   "n": 180,
   "total_s": 0.23835170992242638,
   "avg_ms_per_mol": 1.3241761662357021,
   "max_ms": 10.039999993750826
  }
 }
}